<?xml version="1.0" encoding="UTF-8"?>
<books><book><title>PHP 6 and MySQL 5 for Dynamic Web Sites: Visual QuickPro Guide</title><author>Larry Ullman</author><url>http://www.amazon.com/dp/032152599X/?tag=nateatnight-20</url></book><book><title>Sams Teach Yourself SQL in 10 Minutes (3rd Edition) (Sams Teach Yourself)</title><author>Ben Forta</author><url>http://www.amazon.com/dp/0672325675/?tag=nateatnight-20</url></book><book><title>The Essential Guide to Dreamweaver CS3 with CSS, Ajax, and PHP</title><author>David Powers</author><url>http://www.amazon.com/dp/1590598598/?tag=nateatnight-20</url></book><book><title>Mastering Regular Expressions</title><author>Jeffrey Friedl</author><url>http://www.amazon.com/dp/0596528124/?tag=nateatnight-20</url></book><book><title>Head First SQL: Your Brain on SQL -- A Learner's Guide (Head First)</title><author>Lynn Beighley</author><url>http://www.amazon.com/dp/0596526849/?tag=nateatnight-20</url></book><book><title>High Performance MySQL: Optimization, Backups, Replication, and More</title><author>Baron Schwartz</author><url>http://www.amazon.com/dp/0596101716/?tag=nateatnight-20</url></book><book><title>SQL Cookbook (Cookbooks (O'Reilly))</title><author>Anthony Molinaro</author><url>http://www.amazon.com/dp/0596009763/?tag=nateatnight-20</url></book><book><title>Programming PHP</title><author>Rasmus Lerdorf</author><url>http://www.amazon.com/dp/0596006810/?tag=nateatnight-20</url></book><book><title>PHP and MySQL Web Development (3rd Edition) (Developer's Library)</title><author>Luke Welling</author><url>http://www.amazon.com/dp/0672326728/?tag=nateatnight-20</url></book><book><title>SQL Pocket Guide (Pocket References)</title><author>Jonathan Gennick</author><url>http://www.amazon.com/dp/0596526881/?tag=nateatnight-20</url></book><book><title>MySQL Crash Course (Sams Teach Yourself in 10 Minutes)</title><author>Ben Forta</author><url>http://www.amazon.com/dp/0672327120/?tag=nateatnight-20</url></book><book><title>MySQL Cookbook</title><author>Paul DuBois</author><url>http://www.amazon.com/dp/059652708X/?tag=nateatnight-20</url></book><book><title>MySQL 5.0 Certification Study Guide (MySQL Press)</title><author>Paul DuBois</author><url>http://www.amazon.com/dp/0672328127/?tag=nateatnight-20</url></book><book><title>AJAX and PHP: Building Responsive Web Applications</title><author>Cristian Darie</author><url>http://www.amazon.com/dp/1904811825/?tag=nateatnight-20</url></book><book><title>Web Database Applications with PHP &amp; MySQL, 2nd Edition</title><author>Hugh E. Williams</author><url>http://www.amazon.com/dp/0596005431/?tag=nateatnight-20</url></book><book><title>PHP Solutions: Dynamic Web Design Made Easy (Solutions)</title><author>David Powers</author><url>http://www.amazon.com/dp/1590597311/?tag=nateatnight-20</url></book><book><title>PHP &amp; MySQL Web Development All-in-One Desk Reference For Dummies (For Dummies (Computer/Tech))</title><author>Janet Valade</author><url>http://www.amazon.com/dp/0470167777/?tag=nateatnight-20</url></book><book><title>PHP &amp; MySQL For Dummies 3rd edition (For Dummies (Computer/Tech))</title><author>Janet Valade</author><url>http://www.amazon.com/dp/0470096004/?tag=nateatnight-20</url></book><book><title>Pro MySQL (Expert's Voice in Open Source)</title><author>Michael Kruckenberg</author><url>http://www.amazon.com/dp/159059505X/?tag=nateatnight-20</url></book><book><title>Learning MySQL (Learning)</title><author>Seyed M.M. (Saied) Tahaghoghi</author><url>http://www.amazon.com/dp/0596008643/?tag=nateatnight-20</url></book><book><title>Backup &amp; Recovery</title><author>W. Curtis Preston</author><url>http://www.amazon.com/dp/0596102461/?tag=nateatnight-20</url></book><book><title>Learning PHP 5</title><author>David Sklar</author><url>http://www.amazon.com/dp/0596005601/?tag=nateatnight-20</url></book><book><title>MySQL Stored Procedure Programming</title><author>Guy Harrison</author><url>http://www.amazon.com/dp/0596100892/?tag=nateatnight-20</url></book><book><title>PHP 5 / MySQL Programming for the Absolute Beginner (For the Absolute Beginner)</title><author>Andy Harris</author><url>http://www.amazon.com/dp/1592004946/?tag=nateatnight-20</url></book><book><title>MySQL Pocket Reference: SQL Functions and Utilities (Pocket Reference (O'Reilly))</title><author>George Reese</author><url>http://www.amazon.com/dp/0596514263/?tag=nateatnight-20</url></book><book><title>Learning PHP and MySQL (Learning)</title><author>Michele E. Davis</author><url>http://www.amazon.com/dp/0596101104/?tag=nateatnight-20</url></book><book><title>Essential PHP Security</title><author>Chris Shiflett</author><url>http://www.amazon.com/dp/059600656X/?tag=nateatnight-20</url></book><book><title>Build Your Own Database Driven Website Using PHP and MySQL</title><author>Kevin Yank</author><url>http://www.amazon.com/dp/0975240218/?tag=nateatnight-20</url></book><book><title>Rails Cookbook (Cookbooks (O'Reilly))</title><author>Rob Orsini</author><url>http://www.amazon.com/dp/0596527314/?tag=nateatnight-20</url></book><book><title>Drupal: Creating Blogs, Forums, Portals, and Community Websites</title><author>David Mercer</author><url>http://www.amazon.com/dp/1904811809/?tag=nateatnight-20</url></book><book><title>MySQL Administrator's Guide and Language Reference (2nd Edition)</title><author>MySQL AB</author><url>http://www.amazon.com/dp/0672328704/?tag=nateatnight-20</url></book><book><title>PHP in a Nutshell (In a Nutshell (O'Reilly))</title><author>Paul Hudson</author><url>http://www.amazon.com/dp/0596100671/?tag=nateatnight-20</url></book><book><title>MySQL, Second Edition (Visual QuickStart Guide)</title><author>Larry Ullman</author><url>http://www.amazon.com/dp/0321375734/?tag=nateatnight-20</url></book><book><title>PHP and MySQL: Create-Modify-Reuse</title><author>Timothy Boronczyk</author><url>http://www.amazon.com/dp/0470192429/?tag=nateatnight-20</url></book><book><title>Postfix: The Definitive Guide</title><author>Kyle Dent</author><url>http://www.amazon.com/dp/0596002122/?tag=nateatnight-20</url></book><book><title>Understanding MySQL Internals (Understanding)</title><author>Sasha Pachev</author><url>http://www.amazon.com/dp/0596009577/?tag=nateatnight-20</url></book><book><title>Foundation PHP for Dreamweaver 8</title><author>David Powers</author><url>http://www.amazon.com/dp/1590595696/?tag=nateatnight-20</url></book><book><title>Beginning PHP5, Apache, and MySQL Web Development (Programmer to Programmer)</title><author>Elizabeth Naramore</author><url>http://www.amazon.com/dp/0764579665/?tag=nateatnight-20</url></book><book><title>MySQL in a Nutshell (In a Nutshell (O'Reilly))</title><author>Russell Dyer</author><url>http://www.amazon.com/dp/0596514336/?tag=nateatnight-20</url></book><book><title>MySQL (3rd Edition) (Developer's Library)</title><author>Paul DuBois</author><url>http://www.amazon.com/dp/0672326736/?tag=nateatnight-20</url></book><book><title>Learning PHP &amp; MySQL: Step-by-Step Guide to Creating Database-Driven Web Sites</title><author>Michele Davis</author><url>http://www.amazon.com/dp/0596514018/?tag=nateatnight-20</url></book><book><title>MySQL and Java Developer's Guide</title><author>Mark Matthews</author><url>http://www.amazon.com/dp/0471269239/?tag=nateatnight-20</url></book><book><title>Mastering phpMyAdmin 2.11 for Effective MySQL Management</title><author>Marc Delisle</author><url>http://www.amazon.com/dp/1847194184/?tag=nateatnight-20</url></book><book><title>Core Web Application Development with PHP and MySQL (Core Series)</title><author>Marc Wandschneider</author><url>http://www.amazon.com/dp/0131867164/?tag=nateatnight-20</url></book><book><title>PHP and MySQL for Dummies with CDROM</title><author>Janet Valade</author><url>http://www.amazon.com/dp/0764516507/?tag=nateatnight-20</url></book><book><title>PHP Hacks: Tips &amp; Tools For Creating Dynamic Websites (Hacks)</title><author>Jack Herrington</author><url>http://www.amazon.com/dp/0596101392/?tag=nateatnight-20</url></book><book><title>sendmail Cookbook</title><author>Craig Hunt</author><url>http://www.amazon.com/dp/0596004710/?tag=nateatnight-20</url></book><book><title>Sams Teach Yourself MySQL in 10 Minutes (Sams Teach Yourself)</title><author>Chris Newman</author><url>http://www.amazon.com/dp/0672328631/?tag=nateatnight-20</url></book><book><title>UNIX: The Complete Reference, Second Edition (Complete Reference Series)</title><author>Kenneth H. Rosen</author><url>http://www.amazon.com/dp/0072263369/?tag=nateatnight-20</url></book><book><title>CodeIgniter for Rapid PHP Application Development</title><author>David Upton</author><url>http://www.amazon.com/dp/1847191746/?tag=nateatnight-20</url></book><book><title>FileMaker Web Publishing: A Complete Guide to Using the API for PHP</title><author>Allyson Olm</author><url>http://www.amazon.com/dp/1598220411/?tag=nateatnight-20</url></book><book><title>php|architect's Guide to Programming with Zend Framework</title><author>Cal Evans</author><url>http://www.amazon.com/dp/0973862157/?tag=nateatnight-20</url></book><book><title>Programming ASP.NET AJAX: Build rich, Web 2.0-style UI with ASP.NET AJAX</title><author>Christian Wenz</author><url>http://www.amazon.com/dp/0596514247/?tag=nateatnight-20</url></book><book><title>Professional Web APIs with PHP: eBay, Google, Paypal, Amazon, FedEx plus Web Feeds</title><author>Paul Reinheimer</author><url>http://www.amazon.com/dp/0764589547/?tag=nateatnight-20</url></book><book><title>Advanced PHP Programming (Developer's Library)</title><author>George Schlossnagle</author><url>http://www.amazon.com/dp/0672325616/?tag=nateatnight-20</url></book><book><title>Smarty PHP Template Programming And Applications</title><author>Hasin Hayder</author><url>http://www.amazon.com/dp/190481140X/?tag=nateatnight-20</url></book><book><title>PHP 5 for Dummies</title><author>Janet Valade</author><url>http://www.amazon.com/dp/0764541668/?tag=nateatnight-20</url></book><book><title>Beginning Ajax with PHP: From Novice to Professional</title><author>Lee Babin</author><url>http://www.amazon.com/dp/1590596676/?tag=nateatnight-20</url></book><book><title>The PHP Anthology: 101 Essential Tips, Tricks &amp; Hacks (Anthology)</title><author>Ben Balbo</author><url>http://www.amazon.com/dp/0975841998/?tag=nateatnight-20</url></book><book><title>Professional PHP5 (Programmer to Programmer)</title><author>Edward Lecky-Thompson</author><url>http://www.amazon.com/dp/0764572822/?tag=nateatnight-20</url></book><book><title>Pro PHP XML and Web Services (Pro)</title><author>Robert Richards</author><url>http://www.amazon.com/dp/1590596331/?tag=nateatnight-20</url></book><book><title>Foundation PHP 5 for Flash (Foundation)</title><author>David Powers</author><url>http://www.amazon.com/dp/1590594665/?tag=nateatnight-20</url></book>


<book><title>Facebook Application Development (Programmer to Programmer)</title><author>Nick Gerakines</author><url>http://www.amazon.com/dp/0470246669/?tag=nateatnight-20</url></book><book><title>Macromedia Dreamweaver 8 with ASP, ColdFusion, and PHP: Training from the Source</title><author>Jeffrey Bardzell</author><url>http://www.amazon.com/dp/0321336259/?tag=nateatnight-20</url></book>

<book><title>Sams Teach Yourself PHP, MySQL and Apache All in One (3rd Edition) (Sams Teach Yourself)</title><author>Julie C. Meloni</author><url>http://www.amazon.com/dp/0672328739/?tag=nateatnight-20</url></book><book><title>Extending and Embedding PHP (Developer's Library)</title><author>Sara Golemon</author><url>http://www.amazon.com/dp/067232704X/?tag=nateatnight-20</url></book><book><title>MySQL in a Nutshell (In a Nutshell (O'Reilly))</title><author>Russell Dyer</author><url>http://www.amazon.com/dp/0596007892/?tag=nateatnight-20</url></book><book><title>Open Source Development with LAMP: Using Linux, Apache, MySQL, Perl, and PHP</title><author>James Lee</author><url>http://www.amazon.com/dp/020177061X/?tag=nateatnight-20</url></book><book><title>Professional Web 2.0 Programming (Wrox Professional Guides)</title><author>Eric van der Vlist</author><url>http://www.amazon.com/dp/0470087889/?tag=nateatnight-20</url></book><book><title>Amazon.com Mashups</title><author>Francis Shanahan</author><url>http://www.amazon.com/dp/0470097779/?tag=nateatnight-20</url></book><book><title>PHP|Architect's Guide to PHP Design Patterns</title><author>Jason E. Sweat</author><url>http://www.amazon.com/dp/0973589825/?tag=nateatnight-20</url></book><book><title>PHP &amp; MySQL Everyday Apps For Dummies (For Dummies (Computer/Tech))</title><author>Janet Valade</author><url>http://www.amazon.com/dp/0764575872/?tag=nateatnight-20</url></book><book><title>Zend PHP Certification Study Guide (Developer's Library)</title><author>Zend Technologies</author><url>http://www.amazon.com/dp/0672327090/?tag=nateatnight-20</url></book><book><title>Beginning PHP 5 and MySQL E-Commerce: From Novice to Professional</title><author>Cristian Darie</author><url>http://www.amazon.com/dp/1590593928/?tag=nateatnight-20</url></book><book><title>Setting Up LAMP: Getting Linux, Apache, MySQL, and PHP Working Together</title><author>Eric Rosebrock</author><url>http://www.amazon.com/dp/0782143377/?tag=nateatnight-20</url></book><book><title>PHP: The Complete Reference</title><author>Steven Holzner</author><url>http://www.amazon.com/dp/0071508546/?tag=nateatnight-20</url></book><book><title>No Nonsense XML Web Development With PHP</title><author>Thomas Myer</author><url>http://www.amazon.com/dp/097524020X/?tag=nateatnight-20</url></book><book><title>The Zend PHP Certification Practice Test Book - Practice Questions for the Zend Certified Engineer Exam</title><author>John Coggeshall</author><url>http://www.amazon.com/dp/0973589884/?tag=nateatnight-20</url></book><book><title>PHP &amp; MySQL: Your visual blueprint for creating dynamic, database-driven Web sites (Visual Blueprint)</title><author>Janet Valade</author><url>http://www.amazon.com/dp/0470048395/?tag=nateatnight-20</url></book></books>